{"cameraMode":{"drawMode":0,"name":"Shaded","section":"Shading Mode"},"sceneLighting":false,"audioPlay":false,"sceneViewState":{"m_AlwaysRefresh":false,"showFog":true,"showSkybox":false,"showFlares":true,"showImageEffects":true,"showParticleSystems":true,"showVisualEffectGraphs":true,"m_FxEnabled":true},"in2DMode":false,"pivot":{"x":0.6791272759437561,"y":-0.16229724884033204,"z":-0.43476033210754397},"rotation":{"x":0.16804198920726777,"y":0.7964498400688171,"z":-0.25688305497169497,"w":0.5210084915161133},"size":1.0904394388198853,"orthographic":false}