{"cameraMode":{"drawMode":0,"name":"Shaded","section":"Shading Mode"},"sceneLighting":false,"audioPlay":false,"sceneViewState":{"m_AlwaysRefresh":false,"showFog":true,"showSkybox":false,"showFlares":true,"showImageEffects":true,"showParticleSystems":true,"showVisualEffectGraphs":true,"m_FxEnabled":true},"in2DMode":false,"pivot":{"x":-23.542692184448243,"y":16.081846237182618,"z":-15.822010040283204},"rotation":{"x":0.018008878454566003,"y":0.980246365070343,"z":-0.16564196348190309,"w":0.10657437145709992},"size":101.16423034667969,"orthographic":false}