{"cameraMode":{"drawMode":0,"name":"Shaded","section":"Shading Mode"},"sceneLighting":false,"audioPlay":false,"sceneViewState":{"m_AlwaysRefresh":false,"showFog":true,"showSkybox":false,"showFlares":true,"showImageEffects":true,"showParticleSystems":true,"showVisualEffectGraphs":true,"m_FxEnabled":true},"in2DMode":false,"pivot":{"x":-0.004735961556434631,"y":0.4907161593437195,"z":0.2947298288345337},"rotation":{"x":0.018008878454566003,"y":0.980246365070343,"z":-0.16564196348190309,"w":0.10657437145709992},"size":1.007781744003296,"orthographic":false}