{"cameraMode":{"drawMode":0,"name":"Shaded","section":"Shading Mode"},"sceneLighting":false,"audioPlay":false,"sceneViewState":{"m_AlwaysRefresh":false,"showFog":true,"showSkybox":false,"showFlares":true,"showImageEffects":true,"showParticleSystems":true,"showVisualEffectGraphs":true,"m_FxEnabled":true},"in2DMode":false,"pivot":{"x":0.4898056983947754,"y":0.7938163876533508,"z":0.29763364791870119},"rotation":{"x":-0.0028595798648893835,"y":0.9936425089836121,"z":0.025941336527466775,"w":0.10953840613365174},"size":1.698779821395874,"orthographic":false}