{"cameraMode":{"drawMode":0,"name":"Shaded","section":"Shading Mode"},"sceneLighting":false,"audioPlay":false,"sceneViewState":{"m_AlwaysRefresh":false,"showFog":true,"showSkybox":false,"showFlares":true,"showImageEffects":true,"showParticleSystems":true,"showVisualEffectGraphs":true,"m_FxEnabled":true},"in2DMode":false,"pivot":{"x":0.09435022622346878,"y":0.7090352177619934,"z":-0.6096960306167603},"rotation":{"x":0.10175537317991257,"y":0.17219693958759309,"z":-0.017886321991682054,"w":0.9796306490898132},"size":0.6401923894882202,"orthographic":false}